Metric,Value,Units,Notes
Market value (2024),319.0,million USD,Base year estimate (2024)
Market value (2025),362.65,million USD,Reported projection for 2025
Projected market value (2030),583.3,million USD,Forecast
CAGR (2025-2030),10.0,percent,Compound annual growth rate
Report Publish Date,2025-11-06,ISO Date,NextMSC publish date
Report Code,AD3656,,NextMSC internal code
Pages,155,pages,Report length
Companies Profiled,15,companies,Count of company profiles
Market Share Coverage,10,companies,Available market share numbers
