{
  "title": "South Korea Military Computer Market Dataset",
  "report_title": "South Korea Military Computer Market by Component, Product, Application and End-User \u2013 Opportunity Analysis and Industry Forecast, 2025\u20132030",
  "publisher": "Next Move Strategy Consulting",
  "publish_date": "2025-11-06",
  "report_code": "AD3656",
  "pages": 155,
  "license": "CC BY 4.0",
  "source_url": "https://www.nextmsc.com/report/south-korea-military-computer-market-ad3656",
  "metrics": {
    "market_value_2024_million_usd": 319.0,
    "market_value_2025_million_usd": 362.65,
    "market_value_2030_million_usd": 583.3,
    "cagr_2025_2030_percent": 10.0
  },
  "companies_profiled": 15,
  "market_share_coverage_companies": 10
}